date,title,article,url,thumbnail,author
17-May-2022,Ajay Piramal Receives Honorary British Award By Her Majesty The Queen,"FORI MM EDI ATE RELEASE      17 th   M ay 202 2     AJAY  P IRAMAL RE CEI V E S   HONORARY BRIT IS H AWARD BY HER MAJ E ST Y   T HE QUEE N   Aj ayG opikisanPir am al,Chair m anof t hePir am al  G r oup ,   has  r eceived   anhonorar yCom m ander of   t he O r der  of t he Br it ish Em pir e   ( CBE)   by Her   M aj est y The Q ueen .  He r eceived t he award f or  services t o t he UK - I ndia t r ade r elat ionship   as  I ndia Co - Chair   of  t he  UK - I ndia CEO  For um .    M r. Pir amal  is  a str ong advocat e f or enhancing  t he   UK - I ndia r elationship ,   including  t hrough his  invest m ent s in t he UK  s lif e sciences ecosyst em   and t hr ough his suppor t f or  t he   living bridge  people - to - people links   bet ween t he t wo  countr ies.     AsCo - Chair of  t he  UK - I ndiaCEO   F orum ,he  has  cont r ibut ed t o  t he Joint Economic and Tr ade  Comm itt ee( JETCO)   m eeting  in London in 2019 ,  t he Comm onwealt h Heads of G over nm ent  M eet ing in 2018,  and  t he visit of  t he UK Pr im e M inist er t o I ndia in 2016.  Mr .   Pir am al  has  also  helped shape  policy on labour  m obilit y,  set t ing up a  f as t - t r ack m echanism  f or  I ndian  invest m ent s in  t he  UK ,   and t he  on  cor por at et ax in I ndia.   Commenti ng on t hi srecogni ti on, Aj ay Pi ramal,  Chairm an,  Pi ramal Group ,   sai d :   ""I  am   hum bled and honour ed to r eceive t his  honor ary award   fr om Her  M aj est y The Q ueen.  As co - chair  of I ndia - UK CEO f or um since 2016, t he endeavour  has been t o helpst r engt hent he  st r ong bilater alr elationsbet ween t het wo count r ies t hr ough gr eat er  econom ic co - operat ion. I   am sur et hisr ecognit ionwill encour age t he growth  of tr ade, business andindustr y  par t ner ships bet weent he t wo  n at ions and t ake itt o gr eat er  heights int heyear st ocome. ""    f or  Sout h Asi a and Brit i sh Deputy  Hi gh Commi ssi oner  f or  West ernI ndi a ,   sai d :    ght ed t hat   HerM ajesty TheQ ueen   has,   in her Jubilee Year ,  approved   Aj ay Pir am al an honor ar y CBE inr ecognit ion oft he  leading r ole Aj ay has played in t he UK -  world - leading ant ibody - dr ug conj ugate ( ADC )m anuf actur ing f acilit y nearEdinburgh  ear lier  t his year ,  t o seet heir invest m ent t o expandt hef acilit y and creat e around50 new highly  skilled j obs. It  is an honourt o see Aj ay' s vast  contr ibut ion over  so m any yearsm arked int his",https://www.piramal.com/wp-content/uploads/2022/05/Ajay-Piramal-Awarded-CBE-by-Her-Majesty-the-Queen_May-17.pdf,https://www.piramal.com/wp-content/uploads/2020/05/logo.svg,Piramal
04-May-2022,"Organisational Announcement â€“ Appointment of Yesh Nadkarni, Chief Executive Officer, Wholesale Lending","Pa ge  1   o f  2     PRE SS R E LE ASE     Or gan isat ion al   Announc ement   t   App ointment   of  Yes h Nad kar n i,  Chief Exe cut ive  Officer ,Wholesal e  Lend ing     Mumbai , I ndi a |   M ay 04 , 2 02 2 :   ]â€u]â€™Ëšâ€™ ]u ]Ä±Ëš Ë† ~ Ä±} Ë† vv} Âµv Ä±Z â€ºâ€º} ]vÄ±u } (   Ye sh   Nadkarni as CEO o f Who lesale lending, in P iram al Capital & Ho using Finance L im ited (P CHFL), a who lly  o wnedsubsidiary o fP EL, with a primary  fo cuso n realest ate lending business.      Zâ€} oËšÃ]ooâ€Ëšâ€™â€º} vâ€™](}(Âµâ€Ä±ZËšÃ†â€ºvË†]vPÃZ} oËš salelendingbusiness,buildingahigh - quality  granular boo k acro ss different real est ate segments, establishing, and stre ngthening key client  relatio nshipsand using data analyt ics/ AI to enable superio r underwriting.      Ye sh jo ins P CHFL from  glo bal inv estm ent firm  KKR, where he was M anaging D irecto r & CEO o f the India Real  Est ate  lending business. Yesh has o v er 2 2  y ears o f real est ate inv esting ex perience acro ss debt, equity  and  specialsituatio nsspanningIndia,Australia,andSo utheastAsia.Hehasalsoh eldsenio rleadershipro lesatJ.P.  M o rgan,andICICIP rudential.Ye shhasaM aste rsinFinancefrom theL o ndo nBusinessSchoo landisaBachelor  in P ro ductio nEnginee ring,fro m University o fP une, India.       Khushru Jijina will co ntinue as Executive D irect o r fo r financial serv ices o n the P EL  bo ard. He will co ntinue to  lead t he t reasuryfunctio n,m anagetheex isting boo k, lead recov eries from  t he acquired distressed w ho lesale  bo o k and co ntinue to  be asenior guideand mento r to t he team .      AnandPi r amal,Exec utiv eDi r ec tor ,Pi r amal  G r oup   â€™]Ë†^uË†Ëšo]PZÄ±Ä±}ÃËšo}u ËšÄ±}Ä±ZËš ]â€u(u]oÃ‡ X Ye sh brings w ith him ov er two decades o f e xperience in the re al est ate lending space and he has to his credit  built high quality  bo o ks despite ext e â€v ZooËšvPËšâ€™ ËšÃ† â€ºËšâ€Ä±]â€™Ëš P]Ã€Ëš (Âµ ]u â€ºËš Ä±} ]â€u o endeavo ur o f driv ing sustained gro wt h in the m arke t. The real estate secto r, com ing o ut o f the headwinds  faced in the last few y ears, is to day well po ised fo r gro wt h in the com ing tim e.  On - bo arding right talent and  ex perience is the neces sary m ultiplier fo r us to  further tap the m arket  potential, create v alue fo r o ur  â€™Ä±l ËšZ} oË†Ëšâ€â€™vË†Ã} â€lÄ±} Ãâ€Ë†Ëš} u ]vP} vËš}Ë†][oËšË†]vP(]vv]oâ€™Ëšâ€Ã€ ]Ëšâ€™]vâ€™Ä±]Ä±ÂµÄ±]} vÃ]â€™ZËšÃ€ Ëšâ€Ã‡ success in  Z]â€™ â€™]Ä±]} vX_     ^u]â€ËšË†Ã‡ ]â€u o[â€™Ã€ ]â€™]} v}]oË†PÂµ]â€™ZÄ±â€} vPv]oËšâ€Ã€ ]vâ€™Ä±]Ä±ÂµÄ±]} v oËšâ€ â€™Ä±â€Ä±Ëš P]Ë†]â€ËšÄ±]} vU_â€™]Ë† Yes hN adkar ni X^} ]v]vP}u â€ºvÃ‡Ä±ZÄ±â€™}Âµv]â€°ÂµËšoÃ‡ÃËšoo - po sitio nedtodeliv er  lo ng - te rm v alueto stake ho lders,isanex citingo ppo rtunity,especially whenyo uco nsiderthetremendo uspote ntial  that the real est ate secto r in India ho lds. I lo o k fo rward to  wo rking closely  with the P iram al team  and I am  co nfident that there is no  bet te r tim e than now to  build o n the m om entum  o f the dy nam ic financial serv ices  ovË†Ë†]X_     ***",https://www.piramal.com/wp-content/uploads/2022/05/PR_Yesh-Nadkarni-Appointment_May-04-2022.pdf,https://www.piramal.com/wp-content/uploads/2020/05/logo.svg,Piramal
16-Mar-2022,Piramal Capital & Housing Finance partners with India Mortgage Guarantee Corporation to offer â€˜Gruh Setu Home Loanâ€™,"I nt ernal Us e -- C onfi dent i al   P ir amal Capit al &Hous ing Fin ance   p artner s wit h India Mortg ag e Guar ant ee   â€º}â€Ä±]}vÄ±}((Ëšâ€ ÂµËšÄ±Âµ   Home Loan [           ÂµZ offer s   mor tgage guar antee - backed affor dable home loan sto   salar ied   and   self - employed cust omers   to fulfil t he dream  of  buy ing   a home      The company  expects to gener ate ar ound 10 - 12 % of business fr omthis par tnership   by the end of  FY2 3       Monday ,  16 th   Marc h  2 022 :   P iram al Capital & Ho using Finance L im ited (P CHFL),   the  who lly - owned   subsidiary  o f P iram al Enterprises L im ited,   has partnered with India Mo rtgage Guarante e Co rpo ration  Ë†][â€™(]â€â€™Ä±vË†} voÃ‡ } â€Ä±PPËšâ€vÄ±Ëšuâ€ºvÃ‡ .   Itwill  o ffer  GruhSetuHo me  L oan   t   mo rtgage  guarante e   backe d affo rdable hom e lo an s  to c ustom ers   from   the   unserv ed and underse rved  regio ns .      S teps  t o av ail  t he l oan:      Custom ers can either directly  apply for lo an to  PCHFL o r by  reaching o ut to  channel partners such as  Co nnecto rsand D SAs      Fill in the applicatio n fo rmand subm it t he required loan do cum ents      L o aneligibility  assessm entis do ne by P CHFL and IM GC      Custom er is giv en o ptio ns fo r a hom e lo an structure that suits their requirements  with lo nger  lo an  te nure s ,  lo wer  EM I s   and affo rdable rate so f interest      The loan is disbursed afte rthe pro perty verificatio n isdo ne by P CHFL     Gruh Setu  Hom e L o an  aims to  cater to the  aspiratio nal   nee ds o f salaried   and   self - em plo y ed custom ers  acro ssgeo graphies   andtakethem aste pcloserto  own ing   theirdream   ho me.   Thelo ano ffering   isdesigned  to  ext end   lo an s   to   individuals   who  receive salary  by   bank o r  cash, pensio ners, em plo yee s o f  pro prieto rships and partnership firm s   as we ll as self - em plo yed pro fessio nals like do cto rs o r architects,  sm all business owners, proprieto rs and partners o f partnership firms .     Jai r am S ri dhar an, Manag ing  Di r ector , PCHFL,  said,  ^ P ir amal's Affor dable Housing solutions ar e tar geted  towar ds  the  unser ved andunder ser ved cust omers ofBhar at. W hilewe have designed specific pr oducts to  ser ve this population, there is a segment that is p r esently credit unviable. Our  new offer ing Gr uh S etu,  created in partner ship with IMGC, allows us to expand credit into this population with the support of a  mor tgage guar antee.We expect this par tner ship t o gener ate1 0 - 1 2% of our  housing business.""      The  partnershipwithIM GCwillenableP CHFLtodeepenitso fferingthro ugh30 0+brancheslo catedacro ss  the co untry . Under this product, P CHFL will o ffer home lo ans ranging from  INR  5  lakh to   INR  7 5 lakhs fo r  te nures up to 2 5 years at highly  affo rdable rates.     Speaking o n the partnership,   Mr .  Mahes h Mi sr a, C EO, I MG C ,   said ,  ^ â€ Ë†Ëšo]PZ â€ºâ€ Ä±vËšâ€ Ã]Ä±Z  ]â€ â€º]Ä±oÅ¸}Âµâ€™]vPvvËšX ]â€ uo[â€™Ë†}u]vËšÃ†â€ºËšâ€ Ä±]]vâ€ ËšoËšâ€™Ä± Ä±Ëšâ€]vÃËšoo - st r uctur ed  mor tgageguar antee    backed  homeloanpr oduct   thatwillhelp   fulfill  the  â€ oÃ‡}â€ â€™Z]â€ºË†â€}( firs t - time  home   buyers   inIndia.Itwillalso  pr ovide  affor dable  homeloans ,  thr oughlower downpayments,",https://www.piramal.com/wp-content/uploads/2022/03/Press-release_PCHFL-partners-with-IMGC-to-offer-Gruh-Setu-Home.pdf,https://www.piramal.com/wp-content/uploads/2020/05/logo.svg,Piramal
10-Feb-2022,Piramal Enterprises Limited Announces Consolidated Results for Q3 and 9M FY2022,"Pa ge  1   o f  4     PRE SS R E LE ASE         Pir amal Ent erpris es LimitedAnnoun ces Cons oli dated Resu lt s for   Q 3   and    9M   FY 2022        Resilient perfo rm ance in9M  FY2 2  despite COVID - 1 9;   No rm alized NetP ro fit *   at INR 1 ,9 78  Cr.      Ov erall lo an boo k gre w+31% Yo Yto ~ INR6 0 ,6 00  Cr;   retail AUM grew 4 x Yo Yto INR 21 ,54 4 Cr.      P harm a business deliv ered1 5 % rev enue growt h   Yo Y  and 2 2 % E BITD Am argins   fo r   Q3  FY22 .          Expect to  co m plet e t he dem erger in Q3  FY2 3 , subjec t t o v ario us req uisite   appro vals .       Mumbai , I ndi a |  Febr uar y   1 0 , 2 02 2 :   ]â€u oËšâ€â€ºâ€ ]u ]Ä±Ëš Ë† ~ [U Ã±Ã¬ Ã¬Ã¯ Ã¬Ã® Ä±} Ë†Ã‡ anno unced its co nso lidated results fo r the  Third   Quarter   (Q 3 )   and  Nine M o nths   ( 9M )   FY2 022  ended 3 1 st   D ecem ber   202 1 .     C ons ol i dated   Hig hli g hts             P&L  Per for manc e:   -   Q3  FY2 2 rev enue s   growt ho f 20 % Yo Yto INR 3 ,81 6  Cr.;  9M  FY2 2 rev enues at  INR9 ,83 0 Cr.    -   Q3 FY22 No rmalisedNet P ro fitgro wtho f1 4%YoYtoINR88 8Cr.;9M FY22 No rmalizedNetP ro fit  at INR 1,97 8 Cr.        Financ i al S erv ic es :   -   Ret ail lo an disbursem entsup 3 86 %YoY in Q3  FY2 2  to   INR 7 39  Cr.    -   Reductio n in co sto f bo rrowings ** ,  - 1 80  bpsYoY   -   Significant pro gress o n integratio no fD HFL:   o   Ret ained3 ,000 +em plo yees from D HFL   o   New  lo an o riginatio n rest arte d at mo st D HFL branches as o f Decem ber, 20 21   -   Hiring t rend t o co ntinue inFY2 3 as com pany ex pandsretailo peratio ns pan - India, 2 ,000  offers  ro lled - o ut in t he past3 months        Phar ma B usi nes s :   -   India Co nsume r Healthcare  business at INR 5 45  Cr fo r 9M  FY2 2 , up 4 5 % Yo Y   and  Co m plex  Ho spital Generics businessat INR 1,45 4 Cr fo r 9M  FY22 , up 25 % Yo Y   -   Acquired m ino rity  stake o f nearly 28 % in Yapan Bio   fo r Rs. 1 02  cr. , bro adening o ur serv ices in  bio lo gics space   -   Carry ing o ut c apaci ty ex pansio n wo rth~USD 13 0 m nacro ss m ultiple sites     *Norm aliz edprofit  isexc luding  Exceptional i tem s  ( net o f taxes )   ** Q3averag e       Aj ay Pir amal, C hai r man, Pir amal Enter pr is es Ltd.   said ,   ^Ã¯ â€ºËšâ€(} â€u v â€Ëš(oËšÄ± Z Pâ€}ÃÄ± Z } Ä±Z financial serv ices and pharm aceuticals businesses. The acquisitio n o f D HFL has bee n v alue accretive and  has enabled us to  achieve significant gro wth. It has m aterially giv en a further im pet us to o ur business   am bitio ns and target s. The capacity  building in talent and techno lo gy , to get her with a ro bust business",https://www.piramal.com/wp-content/uploads/2022/02/Press-Release_PEL_Q3-FY2022-Results_February-10-2022.pdf,https://www.piramal.com/wp-content/uploads/2020/05/logo.svg,Piramal
10-Jan-2022,"Piramal Pharma Ltd. To Invest Minority Stake in Yapan Bio, India-Based CDMO Providing Expertise in Biologics and Vaccines","PRESS RELEA SE      Pir amal Phar ma   Ltd .   To  Inves t   Minor it y   S t ake  in  Yapan Bio ,   India - B ased  CD MOProvidi ngExper tis e in Biologics and Vacc ines     -   Piramal   Pharm a Solut ion s   adds new t ec hnologies and c ap abilit ies in  large molec ules,  inc ludin g v ac c ines  and gene t herapy ,   t o its  global  of f ering   -   Inv es t ment  of INR 10 1.7 7 c r  in  biologic s   r Ëš( oËšÄ±Ä± Z  }uâ€ºvÃ‡ Po}  }u u]Ä± uËšvÄ±Ä± } t his f ast - growin g se gment  of t he pharma in dust r y         Mumbai ,  I ndi a   |  21   Dec ember , 20 2 1 :  P iram al P harm a L im ited   ( P PL )  to day  anno unced an inv estm ent  o f INR10 1 .7 7  ]v}Ã€ ~^_ ) o f  Hy derabad,  India,  augm enting  the capabilities o f its   C o ntract  D ev elo pm ent and  M anufacturing  O rganizatio n   (CDM O)   business , P iram al P harm a So lutio ns  (P P S) .  PPL  ho lds 27 .78 % equity  stake in the co m pany  as a result o f this investm ent .   As  PPS   co ntinues  to  stre ngthen   its   capabilitiesand  po sitio n   itse lf   asaleadingCDM O ,   thisacquisitionm arks   asignificant  additio n to       glo bal capabilities in   the  develo p ment   and  m anufacturing o f  large mo lecules   for  hum an c linical t rials .     Yapan Bio   prov ides   pro cess develo pm ent, scale - up ,   and   c GMP   co m pliant  manufacturing o f v accines  and bio lo gics/ b io - therapeutics ,   including  high  containm ent   pro duct classes (up to  BSL - 2 +),  r ecom bina nt v accines ,  RNA/D NA  v accines , gene t herap ies , mo no clo nal a ntibo dies , t herapeutic  pro te ins ,   and other com plex  bio lo gics .  Ã­ Ä±Âµâ€v} Ã€ Ã­Ã® .4 cr . The com pany  has  already earned rev enues  o f  I NR 11 .8cr  fo r H1 FY2 2  and  is  po ised fo r fast gro wt h   in respo nse to  stro ng   m arket  dem and .   The investm ent in Yapan Bio  allo ws PP S to bro aden its serv ice o fferings in the fast - gro wing bio lo gics  CD MO space. Bio lo gics capabilities can be sy nergistic with the com pany 's anti - body  drug co njugation  capabilities;  specifically ,  for   custom ers   who   prefer t he speed and sim plicity  benefits of an inte grated  pro gra m   that invo lves develo pm ent, m anufacturing, co njugatio n, and fill finish. P P S currently  o ffers  inte gratedpaylo ad,co njugatio n,fillfinishserv ices,andtheadditio no fanti - bo dycapabilitiesenhance s   that o ffering.   N andi ni  Pi r amal , C hai r person , Pi r amal  Pharma Limited   said,   ^ ËšÃ† â€ºËšâ€Ä±] (} ÂµvË† ]o ZËšoâ€º P iramal prov ide ex isting custom ers with wider capabilities fo r dev elo ping and m anufacturing large  m o lecules.This investm ent further  â€™Âµâ€ºâ€º} â€} Âµ}ÃÄ±Z â€Ä±ËšPÃ‡} ]â€u Zâ€u X_     Peter  DeYoung ,  C EO,  Phar ma Sol uti ons , Pir amal Phar ma Li mi ted   said,  ^ Âµâ€]vP â€º Ë†ËšË†ËšU bio lo gics  and  their accompany ing  dev elo pment services are the fastest  gro wing segm ents o f   the  CD MOm arke t .  This  i nvestm ent ,  co upledwith  the   m arket - leading   capabilities  o fo urGrangemo uth ,   UK  site  in  antibo dy drug co njugatio ns   and o ur sterile fill/ finish capabilities in L ex ingto n, USA ,   demo nstrateso ur com m itm ent to  growing o ur se rv ice o fferings in the  largemo lecule   CD MO space X_     At i nT omarandN ir av Desai ,  CEO   and  C OO   of  Yapan   said,  ^Ã€Ëšâ€Ã‡ËšÃ† ]Ä±Ëš Ë†} ÂµÄ±Z]Ä±â€vâ€™Ä±]} v and  are c o nfident that  P P S is  the  ideal partner t o take  t he business thro ugh its next  phase o f gro wt h.",https://www.piramal.com/wp-content/uploads/2022/01/PR_Piramal-Pharma-Ltd.-To-Invest-Minority-Stake-in-Yapan-Bio.pdf,https://www.piramal.com/wp-content/uploads/2020/05/logo.svg,Piramal
22-Dec-2021,"Organisational Announcement â€“ Appointment of Rupen Jhaveri, Group President","Pa ge  1   o f  2     PRE SS R E LE ASE     Or gan isat ion al   Announc ement   t   App ointment   of  Rupen Jha ver i ,  Gr oup Pr esid ent       Mum bai ,  I ndi a |  D ecem ber  22 ,  20 21 :   ]â€ uoÄ± Ëšâ€ â€ºâ€]â€™]Ä± ~ Ä± }Ë† vv}Âµv Ä± â€ºâ€º}]vÄ± uËšvÄ± }( Rupen Jhaver i asG r oupPr esident ,wit h a pr imary f ocus on financial services.     In t he newly creat ed r ole, Rupen will be responsible for business development , str at egy, M&A, capit al allo cat ion  and cor por at e f inance.The appoint ment  is eff ect ive  January 2 4,2 02 2 .     }]vÄ± uËšvÄ±â€ â€™ÂµvÄ±Ä± }}ÂµvËšuËšvÄ±Ä± }Ëšâ€Ã® Ã¬Ã®Ã­Ä± ZÄ±oËšuËšâ€ P ]Ä± â€™ ]vv]o   ser vicesandphar maceut icalsoper at ions  -   wit ht heobject iveofsimplif Ã‡]vP}â€ â€º}â€ Ä±â€™Ä± â€ ÂµÄ± Âµâ€ËšvÂµvo}l]vP value.     }oo}Ã]vPËšuËšâ€ PËšâ€Ëš}u }(Ë†][â€™â€PËšâ€™Ä±Ã€Ëšâ€ â€™](]ËšË†Ä±Ä± â€ }vPâ€º]o]Ä± ]Ëšâ€™   affordablehomelending,smallbusinesslending,const r uct ionfinanceanddigit alembeddedfinance.Wit hpar t ners  such as CDP Q, Bain Capit al, Apol lo, CPP IB and IFC, P EL also aspir es t o build on it s str ong foundat ion in t he  alt er nat ive s business.     Anand Pi ram al,  Executiv e Di rect or,  Pi ram al Group sai d,   u Ë†Ëšo]PZÄ± Ä± } ÃËšo}uËš Ä± } Ä± Z (u]oâ€™ extensive backgr ound in t he financial servic es indust r y and str ong ent repreneur ial per spect ive  will be valuable  asset st oP ELatt hispivot alt imefor t hebusiness.Rupenbringswit hhimr ichexper ienceofinvest ingandmanaging  mult iplebusinessesover t hepast t wodecades.Rupenisjust oneexampl eofourendeavourt ocreat eawor ldclass  Ä± Ëšu ZÄ±Ã]oËšoâ€ºu }(Ë†][â€™â€ PËšâ€™Ä±}â€™Ä±Ëšâ€™â€ºËšÄ±(]vv]oËšâ€ Ã€]vâ€™Ä± ]Ä± ÂµÄ± ]}vâ€™X_     Rupen joins P EL fr om global inve st ment  firm KKR , where he was a Managing Dir ector  at it s India privat e eq uit y  t eam.Hehadbee nwit hKKRIndiafor1 3year sandwaspar toft hefoundingt eam.Hehasledtr ansact ionsincluding  Alliance Tires, Magma Fincor p (P oonawalla Finance) , Dalmia Ce ment , Max Financial Ser vices, Emer ald Media, SBI  Life Insurance,Bhart i Inf r at el, HDFCLt d., R amky E nvir oEnginee r s, JioP lat for ms andRe liance Ret ail.       P r ior t o joiningKKR, he waswit h G oldman Sachs& Co. in it sPr incipal Inve st ment Area (P IA)  and War bur g P incus in   Mumbai.       Rupen   is a member of t he Confeder at ion of Indian Indust r y ( CII)   -   Cor por at e G overnance Council and t he G lobal  Inve st or  Council of Indian Private Equity & Vent ure Capit al Associat ion ( IVCA) . He holds a B.S., magna cum laude,  fr om Leonard N. Ster n School of Busin ess of New York U niver sit y. He  has also bee n t he recipient  of   The   Economic  Times and Fort une 40  under 40   Business Leader   awards.        uZ}v}â€Ä± }i}]v}uâ€ºZÃ€ËšËšv}â€ u}Âµâ€™u}ÂµvÄ±}â€ Ëšâ€™â€ºËšÄ±(}â€â€™] RupenJhav eri ÃËšo}uÄ± Z]â€™ oppor t unit y   Ä± }Ã}â€o}â€™ËšoÃ]Ä± ZÄ± ZËšÄ±ËšuÄ± }(Âµâ€Ä± ZËšâ€ËšvZvÄ± Zuâ€ºvÃ‡[â€™Ã€]â€™]}}Ëš]vPÄ±Ä± Z(}â€Ëš(â€ }vÄ±}( t he rapidly ev olving financial ser vices landscape in India. P EL is extr emely well positioned post  it s INR   1 8 ,50 0  cr   capit al raise,t he  r ecent   DHFL acquisit ion and it s  significant   focust o   scale up it s digit ally ledr et ail fr anchise X_       ***",https://www.piramal.com/wp-content/uploads/2021/12/PR_Rupen-Jhaveri-Appointment_22-December-2021.pdf,https://www.piramal.com/wp-content/uploads/2020/05/logo.svg,Piramal
17-Dec-2021,"Organisational Announcement â€“ Resignation of Rajesh Laddha, ED & Group CFO","Pa ge  1   o f  2     PRE SS R E LE ASE     Or gan isat ion al   Announc ement   t   Res ig nation ofRajesh Laddha,ED &G r oup CFO       Mumbai ,I ndi a|  Dec ember17 ,20 21 :   ]â€uËšâ€â€ºâ€]â€™ ]u ]Ä±Ëš Ë†Ä±} Ë†Ã‡vv} Âµv Ë†Ë†ZU Exe cutiv eD irecto randGroupChiefFinancialOfficerattheorganisatio nhasdecidedto m ov eo nto pursue  his  o wn   entrepreneurial venture.   This iswitheffect fro m  10 th   February ,2 02 2 .          Rajesh has bee n asso ciated with the P iram al Gro up since 2 00 1 . D uring his te nure, he was respo nsible for  m anaging vario us functions such as co rporate finance, treasury , M &A, strate gy and taxat io n. He also   represe nted the P iram alGro up o nthe bo ardso f  Shriram  Capital, Vo dafo ne and Allergan India.        Aj ay Pir amal, C hai rman,Pir amalG r oup â€™]Ë†^ÃvÄ±}Ä±Zv(} â€ZËšÃ†Ëš u â€ºoâ€Ã‡} vÄ±â€]ÂµÄ±]} vÄ±}Ä±Z pro gress o f o ur Gro up o ver the last 2 0  y ears. Rece ntly, he playe d an im po rtant ro le in sec uring the   D HFL  transactio n and raising INR 1 8 ,5 00  Cro res o f equity in P EL in the COVID - 1 9  situatio n. Rajesh has also  played a   lËš Ã‡ â€} oËš ]v â€™ËšÃ€ Ä±â€vâ€™Ä±]} v ]voÂµË†]vP ]â€u â€™o } ] Ë†}uËšâ€™Ä± (} â€u ÂµoÄ±]} v Âµâ€™]v Ä±}} Ä±Ä± vË† successful inv estments in Shr ]â€u} Ë†(} v ]â€™Z oo ]v Z vËšÃ†Ä±}â€™ â€ËšËšâ€_     ***     Ab o u t Pir am al E n te r p r ises Ltd :       Pira mal E n terp ris es  Limited ( PE L) is  o n e o f th e large comp an ies  in  In d ia,  with  a p res en ce in  Fina n cial Serv ices  an d   Ph ar maceut icals . PE L's  con s o lida ted  rev en u es  were US$1 .7  Billion  in  FY 202 1, with  ~37 % o f rev en u es  gen era ted  fro m  o u ts id e I n d ia.       In  Fina n cial Serv ices ,  th e comp an y  o ffers  a wid e ra n ge o f fin an cial p ro d u cts  an d  s o lu tio ns ,  with a p res en ce acro ss  b o th   reta i lan d wh o les alefin an cing .With in reta illen d in g,th ro u g h its mu lti - p ro d u ctp lat fo rm, t h ecomp an y o ff ers h o meloa n s,  loa n s  fo r s mall b u s in es s es  and  loa n s  fo r wo rk in g cap ita l to  cu s to mers  in  affo rd ab le h o u s i n g an d  mas s  afflu en t s eg men t s  acro s s  Tier I,  II an d  III  cities . With in  wh o les ale len d in g, th e  b u s in es s  p ro v id es  fin an cing to  real es ta te  d ev elop ers ,  as  w ell   as corp o ra teclien ts .Th ecomp an y h asals ofo rmed s tra tegic p ar tn ers h ips with lead in gfin an cialin s tit u tio ns s u ch as CPPIB,  APG an d  Iv an h o e Camb rid ge ,  etc.,  acro s s  v ar ious  in v es tmen t p lat fo rms . Pira mal Alte rn at iv es ,  th e fu n d  man agemen t  b u s in es s ,  p ro v id es  cu s to mised  fin an cing s o lu tio n s  to  h igh - q u alit y  corp o ra tes  th ro u gh   t   'Pira mal Cr ed it Fu n d ',  a  p erfo rmin g, s ecto r - agn o s tic c red it fu n d  with  cap ita l com m i tmen t fro m CDPQ ; an d  'In d iaRF',  a d is tres s ed  as s et in v es tin g  p lat fo rm w ith  Ba in  Cap ita l Cre d it,  wh ich in v es ts  in  eq u ity  a nd /or  d eb t acro s s  n o n - real es ta te s ecto rs . PE L als o  h as  eq u ity   in v es tmen ts  in  t h e Sh riram Gr o u p ,  a  lead in g fin an cial co n glomera te in  I n d ia.       In  P h ar maceut icals ,   Pira mal Ph ar ma Limited (PPL) o f fers  a  p o rtfolio  o f d iffe ren tia ted  p ro d u cts  a n d s erv ices  t h ro u gh en d - to - en d  man u fact u rin g cap ab il ities  acro s s  15 glob al facilitie s  an d  a glob al d is trib utio n  n etwork  o v er 100 cou n tries . PP L  in clud es :Pira malPh ar maSolu tio n s (PPS),an in tegrated Con tra ctDev elop m en tan d Ma n u fact u rin gOrgan iza tio n ;Pira ma l  Critical Car e (PC C),  a Comp lex  H o s p ita l Gen erics  b u s in es s,  an d  th e In d ia Cons u mer H ealt h care b u s in es s ,  s ellin g o v er - th e   cou n ter p ro d u cts . PPS o ffer s  en d - to - en d  d ev elop men t an d  man u fact u rin g s o lu tio ns  th ro u gh  a glob ally in tegrated  v ËšÄ±Ã}â€l } ( (]o]Ä±] Ëšâ€™ â€} â€™ â€™ Ä±Z Ëš Ë† â€Âµ o]( Ëš Ã‡ o Ëš Ä±} ]v v } Ã€ Ä± } v Ë† PËšv Ëš }uâ€º v ]Ëšâ€™[ â€™ }uâ€º o Ëš Z } â€™ â€º ]Ä± â€º â€} Ë† Âµ  p o rtfolio  in clud es  in h ala tio n  a n aes th etics ,  in tra th ecal t h era p ies  for s p as ticity  a n d  p ain  man agemen t,  in jecta b l e p ain  a n d   an aes th etics ,  in jecta b le an ti - in fectiv es ,  an d  o th er th era p ies . Th e In d ian  Con s u mer H eal th care b u s in es s  is  amon g th e  lead in g p lay ers  in  In d ia in  th e s elf - care  s p ace, with  es ta b lis h ed  b ra n d s  in   th e In d ian  con s u mer h ealt h care mar ket. I n",https://www.piramal.com/wp-content/uploads/2021/12/PR_Organisational-Announcement_Rajesh-Laddha_December_17_2021.pdf,https://www.piramal.com/wp-content/uploads/2020/05/logo.svg,Piramal
25-Nov-2021,Piramal Capital & Housing Finance and API Holdings Partner to Offer Financing Solutions for Indiaâ€™s Rapidly Evolving Healthcare Ecosystem,"PRES S RE LEAS E     Pir amal   Capit al &Hous ing Fin ance   and   APIHol dings   P artner   t o  O ffer   F inan cing   S olu tions  (}â€Ë†] [ R ap idl y  E volving   H ealt hcare  E cos yst em      Â·   P ir amal  Capital & HousingFinance L td (P CHFL)  will  offer  financing s olutions t o  consumers,mer chants  vË†â€Ä±]]â€ºvÄ±â€™}oË†]vP ZËšoÄ±Zâ€ Ëšâ€™Ã‡â€™ Ä±Ëšu    Â·   P CHFL  will   pr ovide   solutionslike  BuyNowP ayL ater   ( BNP L )   for  consumersandmer chants ,supplychain  financing, hospital financin g, invoice discounting, among other s    Â·   U pto  Rs.1 00   cr ores  initially ear mar ked  for disbur sement by M ar ch 20 2 2     Mumbai ,  25   N ov ember  20 21 :  P iram al Capital & Housing Finance L im ited (P CHFL), the who lly  owned  subsidiary  o f P iram al Enterprises L im ited ,  to day  anno unced its strate gic partnership with  API Ho ldings   L im ited( API Hol di ng s )  throughitsdigitalplatfo rm Ret ailio   -   Ë†oâ€PËšâ€™Ä±Ë†]P B2 B  healthcareplatfo rm .   The partnership aim s  at synergizing respective capabilities  to  prov ide efficient and seam less financing  so lutio ns to   co nsumers, ret ailers andm erchants  in t he  } oË†]vPâ€™[   healthcare eco sy stem .      Under this partnership, PCHFL has earm arke d an initial amo unt o f INR 1 00  crore fo r disbursem ent by  M arch2 02 2 , w hichwill getupsized basis initialm arket re sponse.     Further,  P CHFL   will  prov ide  so lutio nslikeBuy No wP ayL ate r(BNP L )fo rco nsumersandm erchants,m ulti - co llaterallo ansfo rret ailers,supplychainfinancing,hospitalfinancing,invo icedisco unting,am o ngo thers.  This alliance leverages the stre ngths o f bo th  companies ,   m aking this a winning pro po sitio n fo r all  stak eho lders, t hereby  expanding t he reach  and  tap new custom er s .     On the partnership,  Jai r am S ri dhar an,  MD , Pi r amal  C api tal  & Housi ng Finance Limi ted   â€™]Ë† ^ We are  pleased to  partner with API Ho ldings to   pro v ide tech - enabled financing so lutio ns to fulfill the healthcare  nee ds o f their customers. Healthcare has become o ne o f the largest secto r in India, drive n by disruptiv e  inno v atio n and increasing spends by  co nsum ers  -   as peo ple are prio ritizing health an d we ll - being in the  new no rm al.   Newageplatfo rmslikeRet ailio   areleading  the   paradigm shiftinth esecto r   thro ugh  im pactful  and scalable digital health so lutio ns  that  make  a real difference in  the lives o f  peo ple .  This partnership is  in is line witho ur   strategyo f e xpanding  o ur   ret ail  po rtfo lio   thro ugh am ixo f co llabo ratio n - led o riginatio n  m o del   and lev eraging o ur distinguished digital lending capabilities.   We loo k fo rward to a pro fitable and  lo ng - te rm  partnership with API Ho ldings, as we aim  to  disburse upto INR 1 00   crore by the end o f M arch  2 02 2 . _       Har s h Par ekh, Whol e - ti me Dir ector  and C o - founder , AP I Hol di ng s,   said  ^ â€Ëš ËšÃ†Ä±â€Ëšu ËšoÃ‡ Ë†Ëšo]PZÄ±Ëš Ë† Ä±} partnerwith  P iram alCapital&Ho usingFinance   andwebeliev ethatthispartnershipwillpro v idetheright  capital im pet us acro ss the full spectrum  o f eco sy stem  partners that we currently  cate r to .  By bringing",https://www.piramal.com/wp-content/uploads/2021/11/PR_PCHFL_partners_with_API_Holdings_25_Nov.pdf,https://www.piramal.com/wp-content/uploads/2020/05/logo.svg,Piramal
11-Nov-2021,Piramal Enterprises Limited Announces Consolidated Results for Q2 FY2022,"Pa ge  1   o f  4     PRE SS R E LE ASE         Pir amal Ent erpris es LimitedAnnoun ces Cons oli dated Resu lt s for   Q 2an d H1   FY 2022        Com plete d t heD HFL Acquisitio n ;  To tal  AUM   up  4 2 %   Q o Q   to  INR  6 6 ,9 86   Cr.   po st t hem erger w ith  P CHFL      Anno unced Demergero fPharm a and   Sim plificatio n of   Co rpo rate Structure      Resilient perfo rm ance in H1  FY2 2   despiteCOVID - 19 ;  No rm alized NetP ro fit at INR 1 ,0 90  Cr.     Mumbai , I ndi a |   N ov ember   11 , 2 021 :   ]â€uâ€º ]u ~Z Ã±Ã¬ Ã¬Ã¯Ã¬ Ã® Ä±} Ë†Ã‡ anno unced its co nso lidated results fo r the  Seco nd   Quarter   (Q2)   and Half Ye ar   (H1)   FY20 22 ended 30 th   Septem ber   2 02 1 .     C ons ol i dated   Hig hli g hts          No te: P&L Perfo rman ce fo r Q2 a nd  H1  FY22  do esn ot in clud e th e DHFL acqu i si ti on          C ompleted t he  Ac quis i ti on of  DHFL   and i ts merg er w ith PC HFL i nS ep - 2 021 :   -   Com plete d r ev ersem ergero fP CHFLwithD HFL;  merged e ntity named PCHFL   -   Create s o neo f t he largestHFCs in India, fo cused o n affo rdable  ho using   -   P an - India platfo rm with3 01  branches  acro ss2 4 states /  UTs  and ~1 m illio n c ustom ers   -   Ret ail AUM  up4 . 3   timesQo Qto  INR   22 ,273   Cr        Demer g er  of Phar ma and  C or por ate Str uctur eS implifi c ati on   appr ov ed by theBoar d i n Oc t - 2 02 1 :   -   To  create  two  secto r - fo cused listedentities in Financial Services andP harm aceuticals   -   Thepharm aceuticalsbusinesswillget v ertically demergedfro m P iram alEnterprisesL im itedand   co ns } o]Ë†Ä±Ëš Ë†Ë† ]â€u  Zâ€u ]u ]Ä±    -   P HL  Fininvest , t he NBFC e ntity ,will be amalgam ate dwith PEL to c reate  a large liste d NBFC        P&L  Per for manc e:   -   Q2  FY2 2 rev enues  at INR3 ,1 06  Cr.; H1 FY22  rev enuesat INR 6,01 4 Cr.    -   Q2  FY2 2 No rm alised Net P ro fit at INR5 41  Cr.; H1   FY22  No rm alized  Net P ro fit at  INR  1 ,0 90   Cr .       Aj ayPi r amal ,C hai rman,Pi r amalEnterpri s esLtd.   said U^ Theseco ndquartero fFY22   was   transfo rmatio nal  fo r  o ur com pany   and  has significantly strengthened the fo undatio n to  suppo rt future growt h .   We  successfullycom plete dtheacquisitio nandmergero fD HFL   andtheto talAUMhasgrown4 2 %Qo Qto INR  6 6 ,9 86   Cr. The acquisitio n has  enable d   Âµâ€™ Â®Ä±} Ë†]Ã€Ëšâ€â€™](Ã‡ Â® } Âµ o} v } } vË† â€™o Âµâ€º } Âµ â€Ëš oËšvË†]vP â€º} â€Ä±(} o]} Ä±Zâ€} ÂµPZ Â®u ÂµoÄ±] - pro duct o fferings that cat er to  the needs o f the underserved custom ers o f o ur  } ÂµvÄ±â€Ã‡ X ËšÃ€ Ëšâ€P]vP Â®} Âµâ€ Â®Ë†Ä±U Â® voÃ‡ vË† Â®Ä± ËšZv} o} PÃ‡  Â® â€º]o]Ä±]Ëšâ€™U Â®Ã ]u Â®Ä±}  Ë†} u ]vv â€ºoÃ‡ ]v Ä±ZËš Â®Pâ€}Ã]vP ]Ëšâ€ - Ã¯ ]Ä±]Ëšâ€™ Â®vË† Â®Ëš Â®ËšvË†}} ]ËšË†PËšÄ± - } vâ€™]} Âµâ€™ Â® Âµâ€™Ä±} uËšâ€â€™ .  Â®",https://www.piramal.com/wp-content/uploads/2021/11/Press-Release-Q2-â€“-2021-2022.pdf,https://www.piramal.com/wp-content/uploads/2020/05/logo.svg,Piramal
07-Oct-2021,Piramal Enterprises Announces Demerger and Simplification of Corporate Structure; To Create Two Separate Listed Entities in Financial Services and Pharmaceuticals,"Pa ge  1   o f  5     PRE SS R E LE ASE     Pir amal   Ent erpris es  Ann ounces   De merg er an d  Simpl ificat ion of  C or porat e  S tr uct ur e;   T o  Cr eat e TwoSepa rateL ist ed Ent it ies   in   Finan cial Services and   Pha r ma ceutica l s          The Bo ard o f D irecto rs o f P iram al Enterprises L im ited   ( Z P EL [ )   to day appro ved the dem erger o f   the  pharm aceuticals business   and sim plificatio no f t he co rpo rate st ructure      Shareho lders #   o f  P EL   will get  4  (fo ur) shares o f  PP L   for ev ery  1  (o ne) share in  PEL,  in additio n to their ex isting  ho lding in  P EL      The dem erger is  exp ecte d to  unlo ck significant v alue fo r  P EL  shareho lders      Bo th   liste d  entities to   have  a  leadership po sitio n   in t heir  respective  secto rs      The d em erger   is  subjectto shareho lders, c redito rs and re gulato ry  appro v als     H i g hli g hts :      Phar ma c eutic als   o   The  pharm aceutical s   business will get v ertically dem erged fro m P iram al Enterprises L im ited and  co nso lidate d underP iram al P harm a L im ited   ~Z  .   o   P o stthedem erger,  P iram alP harm aL im ited   willbe com e   o neo fthelargepharmaco m panies   liste d   o n  NSE and BSE .   o   Two   o perating  subsidiaries   ( who lly - owned  by P iram alP harm aL im ited)   will  also   be  am algamate d  with  P iramal P harm a L im ited ,   to  further  sim plify   the   P harma  co rpo rate   structure .        Financ i al   S erv ic es   o   P HL  Fin i nvest   P riv ate L im ited , the no n - banking financial  com pany   (NBFC)  will be   am algam ated with  P iramal EnterprisesL im ited   to create  a  large  liste d  NBFC * .       o   T he merged Ho using Finance  c om pany ,   po st   the   DHFL acquisitio n ,   will  rem ain a   who lly - o wned   subsidiary   o f  P iram alEnterprises L im ited .       PEL   is t r ans formi ng   i ts el f  fromamulti - s ec tor c ongl omer ates tr uc tur ei nto  tw o  s epar ates ec tor - foc us edl is tedenti ti es  i n Fi nanc i al S erv ic es   and Phar mac eutic al s .         Pi r amal  Enter pr is es  Limi ted   will be   o ne o f India's large liste d diversified NBFCs * , with significant prese nce  acro ss bo th ret ail and who lesale financing, o ffering m ultiple ret ail pro ducts thro ugh a te chno lo gy - driven  platfo rm .  The  Ho using Finance   com pany   (HFC)   merged with D HFL , a  1 00 %   subsidiary   o f P EL , will be  amo ngst  the le ading HFCs in India, fo cusedo n affo rdable  ho using  financ e .        Pi r amal  Pharma Li mi ted   will be   o ne o f the large  India - liste d P harm a co m panies o ffering a po rtfo lio  of  differentiated pro ducts and serv ices thro ugh en d - to - end manufacturing capabilities across 1 5 glo bal facilities  and a glo bal distributio n net wo rk   of   }Ã€ Ã­ Ã¬Ã¬ } Âµv v ËšÃ€ Ëšo} â€ºu vË† vÂµ(Ä±Âµâ€]vP (CDM O)businessiso neo ftheto p   three   inIndiaandthe1 3 th   oâ€PËšâ€™Ä±Po} ooÃ‡ [â€™u â€º} â€™â€º]Ëšâ€]â€™ and India Co nsumer  Healthcare   business es   are well - po sitio ned with differentiate d pro ducts and business  m o dels.   The  JV wit h  Allergan is   the   m arke t leader in t he fast - gro wingo phthalmo lo gy   cate go ry   in India .     Mumbai , I ndi a | Oc tober  07 , 2 02 1 :  T he   Bo ard o f D irecto rs o f P iram al Enterprises L im ited ( ' P EL ' , NSE: P EL , BSE:  5 00 30 2 ) ,   in their m eet ing held to day, approv ed   a com po site  scheme o f arrangement prov iding fo r   the   demerge r   o f  the pharm aceutical s   business from  P EL   and sim plificatio n o f the co rpo rate structure  to creat e  two  industry - fo cused  liste d  entities in  Financial Serv ices and  P harmaceutical s .",https://www.piramal.com/wp-content/uploads/2021/10/PR_Piramal-Demerger_October-7-2021.pdf,https://www.piramal.com/wp-content/uploads/2020/05/logo.svg,Piramal
29-Sep-2021,Piramal pays consideration for acquisition and merger of Dewan Housing Finance (DHFL),"Pa ge  1   o f  5         Pir amal   pa ys consi der ation for acquisit ionan d merg er   of  De wan Housi ng   Fi nan ce ( DHFL )     T r ans acti on hig hl ig hts      Thefirst   successful   reso lutio nundertheIBCro ute inthefinancialserv icessecto rand  am o ngst  the  largest  reso lutio ns  invalue te rm s        To tal c o nsideratio n o f  ~ INR 3 4 ,25 0   Cro re s   paid   fo r  thecom pletio no f t he acquisitio n      9 4%   } ( ZËš â€ËšË†]Ä±}Ã€} Ä±Ëš Ë†}} ]â€u  eso lutio n plan      Appro v als o btained from  Rese rv e Bank o f India (RBI), Com pet itio n Comm issio n of India (CCI)   and Natio nal Com pany L aw T ribunal (NCL T)      P iramal Capital and Ho using Finance  Ltd.  (P CHF L ) to m erge with D HF L . Resultant entity  to be  nam ed as  P CHFL .      M o st o f the D HFL  credito rs are recovering  nearly  4 6 % thro ugh   successful completio n o f the  reso lutio n pro ces s     C r eates one of the  l eadi ng   Hous i ng  Fi nanc e C ompanies  i nI ndi a, foc us ed on affor dabl e fi nanc i ng      Accessto o v er  ~ 1 m illio n   lifet ime  custom ers      P resence acro ss  24  stat eswith a netwo rko f  30 1   branches and  2 , 33 8   em ploy ee s       India - wide platfo rm to address diverse financing nee ds o f  the  under - served  â€Ä±[   m arke t      Significantly   dive rsifiesthelo an boo k to wards ret ail financing   t   N early 50 :5 0 re tail w ho lesale  m ix inthe near - te rm      Acquisitio n w ill sc ale up o ur ret ail lo an bo ok to   ~ 5 times        Reduces the av erage bo rrowing c o st and further im pro ves the AssetL iability  pro file o f o ur  Financial Serv ices business   Ac quis i ti on is i nl i newi th   a s tr ategic r oadmap t otr ans for m our  fi nanc i al s ervi c es  busi nes s ,   ov er  t he  l as t  tw o  y ear s      Raised   ~INR 1 8,00 0   C ro res   o f equity   -   s trengthen ed   the balance sheet  to take adv antage o f  such largeo ppo rtunities      Significantly  r educed  debt - to - equity   t   c reating  a  headro om  fo r  significant  growt h in the  m erged e ntity   Mumbai ,I ndi a| S eptember   2 9 ,20 21 :   ]â€uËšâ€â€ºâ€] ]u~W UÃ±Ã¬ Ã¬Ã¯ Ã¬Ã®Ä±} Ë†Ã‡ anno unced the  paym ent   o f co nsideratio n   fo r  the acquisitio n o f D ewan Ho using Finance Co rpo ratio n  L td.(D HFL) ,m arkingthe  first  successful  reso lutio nundertheIBCro uteinthe  financialserv ices  sector.   In v alue te rm s, the transactio n is am o ng the largest reso lutio ns till dat e ,   setting   the precedent fo r  future reso lutio ns in the secto r .   Speaking o n the o ccasio n,   Aj ay  Pi r amal , C hai rman, Pi r a mal  Gr oup  said  ^ We are very pleased to  anno unce the co nsideration payment m ade towards the com pletio n o f  this  ex citing   acquisitio n .   This  acce lerate s o ur plans to become a leading digitally  o riented, diversified financial serv ices",https://www.piramal.com/wp-content/uploads/2021/09/Press-Release_Piramal-DHFL-Acquistion_Sept-29-.pdf,https://www.piramal.com/wp-content/uploads/2020/05/logo.svg,Piramal
13-Sep-2021,IndiaRF Announces INR 555 crores (USD 75million) Investment in Thrissur Expressway Ltd.,"India R F  A nno unc es   INR   55 5   cr or e s   ( U SD  7 5mi lli on )   In ves tme nt i nT hr is sur   Ex pr ess wa y L td .       Mu mb a i,In d ia ,  S eptemb er13 ,2021 :  v Ë† ]Âµ â€P Ëšv Ëš v Ë†~vË† ]U   prom otedby Pi ram al Enterpri ses  Li m i ted and Bai n C api tal  C redi t,  al ong   wi th   i nternati onal   co - i nv estors ,   today announced an i nv estm ent   of   I N R 555 crores  (U SD 75m i l l i on)  i n   Z â€]â€™â€™Âµ â€Ã†â€º â€Ëšâ€™ â€™Ã Ã‡]u]Ä±ËšË† ~^ T EL U   a  par t of  H y derabad based  KM C   C onstructi on s   Li m i ted   ~^ _ ) .   Thei nv estm entwi l l beusedtowards  restru cturi ng   of   [â€™  ex i sti ng debt   an d   for  l astm i l efi nanci ng to  enabl eproject  com pl et i on .       TEL, a spe ci al  purpose v ehi cl e  of   KMC ,   i s  a  28   km   hig hway  project  i n the state of Ke ral a ,   betwe en Thri ssur   andVad ak kanch e ry . I ti sa  part of  t he  N ati onal H i g hway   that   connec ts  Kochi , Ke ral a  and  Sal em ,Tam i l N adu   whi ch   passes throug h  sev eral  i m portant ci ti es such  as  Erode,  C oi m batore, P al akkad and Thri ssur .  TEL   was   awarded  theproje ct   i n200 9,   for   wi deni ng the  ex i sti ng twol anestretch   to   si xl anes,   by t he  N ati onal H i g hway   A uthori ty  of I ndi a  under  the  Desig n, Bui l d, Fi nance, Operate, and Transfer basi s ,   for a concessi on peri od of   20   y ears .        C om m enti ng  on the i nv estm ent,  S h a n ta nu  Na la v ad i,Ma n a g in g  Directo r, In d ia RF   â€™] Ë†U ^ We a r ep l ea sed  to   p a r tn er wi th KMC  G r ou p ,asi temb ar ks o n an   exci ti ng jo u rn ey   to co mpl eteth i s   cri ti cal   pr o ject   an d   to   su pp or t   a  p r o ject th a t i s i n   th e i n ter est o f th e  n a ti on .   On   comp l eti on , th e p r o ject   wi ll   si gn i fi can tl y   i mp r ov e th e  co n n ectivi ty b etween th ekey sta teso f   So u th I nd ia n a mel y ,  Kera la a nd Ta mil N ad u   a nd wil l crea te   sig ni fi ca n t  effi ci en cy  a s wel l  a s  sav in gs  fo r  b o th  co mmer cia l  a nd  p ass eng er  tra ffi c.   I nd ia RF ha s th e ca pi ta l  a n d th e  exp er ti se to  i n vest i n  si mil ar  o pp o r tun i ti es th a t wi ll   p ro vi d e effectiv e sol u tio n s th a t a dd r ess  b o ttl en eck s   i n  i n fra str u ctur e p ro jects   o f n a ti on al  i n ter est , r eso lv e i ssu es i n  th e ca pi ta l  stru ctu r e o f su ch  pr o jects, su pp or t   fi n an cia l in sti tu tio n san d crea t e   wi n - wi n si tu a tio n sfo r a l l sta keho l der s . _     Vikra m Red d y , Ma n a g in g  Directo r, KMC  Co n stru ctio n s L imited   â€™] Ë†U ^ Th e i n v estmen t fr o m I n d i a RF c o mes  a t  a  cri ti ca l   ju n ctu refo r   p r o jectco mp leti on . Wea r eco nfi d en to fco mp leti on o fth el a stmi l ea n d o p en in g th e  en ti r estr etch a tth eea r l iestso th a ti ti mp r o v esth eco nn ecti vi ty b etween th eto wnsa n d key sta teso fS o u th   I n di a.  We a r e p a r ti cul ar ly  p l e a sed   th a t we h a v e b een  a b l e to  d esig n , b u il d  a nd  o p er a te a   1km l o n g  tu n n el   wh i ch  a ch i ev es th e twi n  ob jecti v e o f i mp r ov in g  con n ecti v i ty   an d   a t  th e  sa me ti me ,   co n tr i b u t es   to  th e r i ch   b i od iv er si ty  o f th i s r eg io n .   Th e N H A I  h a s su pp or ted  th i s p r o ject o f v i ta l  r egi on al  a n d  n a tio na l  i n ter est , fo r   wh i ch   we a r e th a nkful .   We a l so  th an k Eq u ir u s Cap i tal  fo r  a dv i si ng  u s  on   th is   tr a n sa cti on  a nd   fo r   h el pi n g  us  on   i tscl osu r e . _     Eq u iru sCa p ita l  are   theex cl usi v eadv i sorsto  KM C  ont hi sTransacti on.",https://www.piramal.com/wp-content/uploads/2021/09/PR_IndiaRF-Announces-Investment-in-Thrissur-Expressway-Ltd._Sept-13-clean.pdf,https://www.piramal.com/wp-content/uploads/2020/05/logo.svg,Piramal
09-Sep-2021,Piramal Realty Brings Rahul Dravid on Board as Itâ€™s Brand Ambassador,"I nt ernal   Us e -- C onfi dent i al   PRES S RE LEAS E   PIRAMA L REA LTY BR ING S RA HUL D RA VID ON  BO A RD A S   S   BR A ND   A MBA SSA DOR     Mumbai , S eptember   09 ,   20 21 :   P iram al Realty , the real estate arm  o f the P iramal Gro up, has  ro ped in  RahulD ravidas  a  brandambassado rfo ritspo rtfo lio o f  residential  pro jects  co m prisingP iram alM ahalaxmi   (Jaco bCircle) ,P iram alVaikunth(T hane) ,P iram alRev anta   (M ulund),P iram alArany a   (By culla),andP iram al  Agasty a   ( Kurla ),   o ur state - of - the - art comm ercial projec t.   As p art o f  its  associatio n,   Rahul D ravid  will  co llabo rate with   P iram al Realty   as   v ËšÃ†â€ºËšâ€]Ëšv uâ€™â€™Ë†} } Ä±ZËš â€vË† vË† â€Ä±â€Ã‡ ]â€uËšoÄ±Ã‡ [â€™ ke y values thro ugh em otio n ,   speaking direct ly  to o ur customers with signature m essages   on   the  im po rtance o f ho me o wnership .  With his  Reliable, collect ed and alway s po sitiv e appro ach o n th e field ,  Rahul D ravid will be sho wcased  Ëšu } Ë†Ã‡ ]vP ]â€u} Ã€ oÂµ }} ÃoËšË†P} v Å¸ Im pact .  The fo rmer captain o f the Indian Natio nal Cricket Team is kno wn fo r his dependable and  com po sed nature.      Rahul D ravid has alway sadhered t o   them antrao f ""k no wledge""  and "" hard wo rk""in c hallenging gam esor  life situatio ns. P iram al Realty  shares this ideo lo gy   and aims  to  enrich liv es by  setting go ld standards fo r  custom er - centricity , architect ural design, quality andsafety .  The asso ciatio n be twe enP iram alRealty  and  RahulD ravidischaracte rizedby   his   willingnessto understandpeo pleandcarefo rthem .   Inadditio n,Rahul  also  display s his  reso lute ,  highlighting   P iram al Realty's prom ise o f m aking people feel at home in its  dev elo pments .     Mr .  G aur av  S aw hney,  C hi ef Oper ati ng  Offic er , Pi ramal Real ty, s ai d,   ^ Rahul D ravid em bo dies o ur  phi l os ophy  of cr eati ng  a pos i tiv e impac t on peopl e's l iv es .   As a com pany, we are co nstantly evo lv ing to  pro v ide a great custom er ex perience that  transce nds from   u nderst anding consume r sentim ent s   to   creating develo pm ents which enco urage co mm unity  building.  Hav ing Rahul D rav id o n bo ard will help us  enhanceo urpurpo seo f   Z} ]vPÃËš oovË† } ]vP}} Ë†_ ,   sinceheisno tjusta ninte rnatio nal   sport s   ico n,but  also  a so urce o f inspiration fo r m any aro und the wo rld.  Âµ â€Ã€ ]Ë† qualities o f being dependable,  authentic, true, and  im pactful  perfec tly  align w ith o urbrand v alues .      C omm enti ng  on the as s oc iati on ,  Rahul  Dr av i d   â€™]Ë† ^ A caree r in sports is im po ssible to manage witho ut  the suppo rt, and guidance, and reassurance o f fam ily  and friends. D uring to ugh tim es, and there always  are, ho me is where we go .  As an advo cate fo r the brand, it giv es me great pleasure to  co llabo rate with   P iramal Realty , w hich resonate s w ithm y own co re belief o f giv ing t he best t hro ugho ut the pro cess.      TheIndianrealestat em arket hasreco veredstro nglydespitethechallengesanddisruptio ncausedbythe  current pandem ic as people realized the im po rtance o f liv ing in a safe and sec ure env iro nment. A  significant increase in sales occurred in Q3 and Q4 20 2 0 , which co ntinued thro ugh  June  2 02 1 . Co nsum er  behavio ur has undergo ne no tice able changes that are creating new trends. The sense o f security  that  com es with a hom e is enhanced by  gated co mmunities and state - of - the - art amenities. The new  asso ciatio nwill  bepro mo tedwitha36 0 - degreemarketingcam paign,includingprint ,   digital,o utdo o r,and  so cialm edia.         ** *T HEEN D** *",https://www.piramal.com/wp-content/uploads/2021/09/Press-Release-Piramal-Realty-Partners-with-Rahul-Dravid-Final.pdf,https://www.piramal.com/wp-content/uploads/2020/05/logo.svg,Piramal
07-Sep-2021,IndiaRF Announces INR 615 crore (USD 83 million) Investment in Setco Group,"1     India R F  A nno unc es  INR  61 5 cr or e ( U SD   83   mil lio n )  I nv est men tin     Set co Gr o up       Mu mb a i, In d ia  |  S ep temb er 07, 2021 W vË†] ËšvvË† ~^ In d ia RF _ â€ºâ€}u }Ä± Ã‡ ] â€u ovÄ±Ëšâ€â€ºâ€] â€™Ëšâ€™ Li m i tedandBai nC api tal C redi t,al ong wi thi tsaffi l i atestodayannoun cedan i nv estm entofup to  I NR61 5c r o re   (U SD83m i l li on)i nGujaratbasedSetco Group.       â€ºâ€Ä±}Ä±ZÄ±â€vâ€™Ä±] }vU Ä±} ÂµÄ±}u }Ä±] Ã€] u ] Ä±~^ S etco _Ã]o oÄ±â€v] Ä±o ÂµÄ±ZÂµâ€™] v] vÄ±}â€™Âµâ€™] Ë†] â€Ã‡U } ÂµÄ±}Ëšu â€™ â€] Ã€ Ä±] u ] Ä±~^ S AS PL _] vÄ± }ÃZ] Z vË†]Ã] o o] vÃ€ Ëšâ€™Ä±Ä±Zâ€}ÂµP Zâ€™Ëšv] }Ë†Ëš Ä±( ] o ] Ä±Ã‡vË† 35% equi ty  stake i n  SA SPL.  The i nv estm ent procee ds  wi ll  be used for  g rowth capi tal  and  p rov i di ng  worki ng  capi tal  to enabl e the busi nesse s to g row on the back of anti ci pated recov ery  i n the com m erci al  v ehi cl es  m arket,m ee tthedem andi ntherepl acem entm arket andre - fi nance/ repay debtfaci l i ti es.       C om m enti ng  on the i nv estm ent,  S h a n ta nu  Na la v ad i, Ma n a g in g  Directo r, In d ia RF   â€™] Ë†U ^ â€ºo Ëšâ€™ Ä±} partner wi th Setco A utom o ti v e, as i t em barks on an ex ci ti ng  journey  to enhance i ts m arket l eadershi p.  Our  partnershi p wi ll  dri v e a twofol d strateg y  to restructure the bal ance sheet of the c om pany  as   we  al so work  cl osel y  wi th the prom oters and m anagem ent team , to dri v e rapi d rev enue g rowth and sustai nable  i m prov em ent i n profi tabi l i ty.  I ndi aRF conti nues to rem ai n focused on prov i di ng  l ong  term  strateg i c sol uti ons  thatenabl eaneffecti v eturnaroun dto   â€ºâ€}(] Ä±] o ] Ä±Ã‡(}Z] P Zâ€°Âµo ] Ä±Ã‡}u â€ºv] Ëšâ€™X _     Ha rish  S h eth , Ch a irma n  & Ma na g in g  Directo r, S etco Au to mo tiv e   â€™] Ë†U ^ Ë†Ëšo ]P ZÄ± Ä±} â€ºâ€Ä±v Ã] Ä±Z   vË†] Ä± Ä±Z] â€] Ä±] o iÂµvÄ±Âµâ€Ëš ] v } ÂµÄ±}u }Ä±] Ã€ Ëš[â€™ i}Âµâ€vËšÃ‡ X o }} (}â€Ãâ€Ë† Ä±} o ËšÃ€ Ëšâ€P ] vP Ä±ZËš] â€ºâ€}Ã€  gl obal  ex perti se i n restructuri ng  and turnarounds,   and   are certai n that our com bi ned efforts wi l l  help   accel erate our am bi ti ous g rowth trajectory towards i m prov ed perform ance and profi tabi li ty  benefi ti ng  all  i ts  â€™Ä±lËšZ}o Ë†Ëšâ€â€™X vË†] ] vÃ€ Ëšâ€™Ä±u ËšvÄ± Ã] oo â€] vP ] v â€™] P v] (]vÄ± â€™ Ä±â€Ä±ËšP ]  }â€ºËšâ€Ä±] }vo ] u â€ºâ€}Ã€ Ëšu ËšvÄ± ] v bot h SA SPL   vË†Ã€ â€™Ä±X _     Setco Group  i s a pr og ressi v e, technol og y  dri v en autom oti v e com ponent com pany  fo cused on  m anufacturi n g   vË† u â€lËšÄ±] vP } o ÂµÄ±Z ( }  }u u Ëšâ€] o Ã€ ËšZ] o (} }â€] P ] vo Ëšâ€°Âµ] â€ºu ËšvÄ± u vÂµ(Ä±Âµ ~^ OEMs _ ] vo ÂµË†] vP  cateri ng toafterm a rketforOEMbrandsandt hei ndependentafterm arket. SA SPLcom m andsthel arg estshare  of Medi um  and H eav y  C om m erci al  Vehi cl es cl utch bu si ness i n I ndi a.  SA SPL has recentl y  di v ersi fi ed i nto the   tractor m arket and has started suppl i es to som e of t he tractor O EMs  wi th few  m ore i n the pi pel i ne.  Setco  Group i s al so backw ard i nteg rated, m anufacturi ng  casti ng s throug h state of the art pl ant housed i n a whol ly   }â€™Âµâ€™] Ë†] â€Ã‡UÃ€ â€™Ä± â€] Ã€ Ä±] u] Ä±~^ La v a Ca st _      Wadi aGhandy andC o. we retheex cl usi v eadvi so rstoSetcoGroup on thi stransacti on.     ***",https://www.piramal.com/wp-content/uploads/2021/09/PR_IndiaRF-Setco-Deal_September-2021.pdf,https://www.piramal.com/wp-content/uploads/2020/05/logo.svg,Piramal
06-Aug-2021,Piramal Enterprises Limited Announces Consolidated Results for Q1 FY2022,"PRESS RELEA SE         Pi ram al En te rpri s esLi mi ted Ann oun c es Con soli date dR esul ts fo r   Q 1 FY2 02 2   -   Resilient perfo rm ance in Q1  FY2 2  despite headwindsdue to t he COVID 2 nd   wave; s ignificant  pro gressm ade o ntheD HFL  acquisitio n   -     Mumbai , I ndi a |   Aug us t   6 , 20 21 :   ]â€uËšâ€â€ºâ€]â€™ ]u ~Z Ã±Ã¬Ã¬ Ã¯Ã¬ Ã® Ä±} Ë†Ã‡  anno unced itsco nso lidated re sults fo r t he F irst Q uarter (Q1 )  FY20 22  e nded3 0 th   June   2 02 1 .     C ons ol i dated  Financi al   Hi ghl i g hts        P&L   Per for manc e :   -   Q1  FY2 2 r ev enue s   of   INR  2 , 90 9  Cr. ,   bro adlystabley ear ov ery ear     -   Q1  FY2 2  Net P ro fit at INR53 4  Cr. ,   increased   8%y ear ov ery ear        B al anc e Sheet:   -   Equity  increased by 29 % to INR 34 ,99 6   Cr. since M arch 2 01 9   -   5 0% reductio n in Net  D ebtby  INR 27 ,6 77  Cr. sinceM arch 2 019   -   P EL  Net D ebt - to - Equity   at   0.8x        DHFL Ac qui si ti on   t   Sig ni ficant pr og r ess  m ade i n Q1  FY2 2 :   -   Reso lutio nP lanreceiv edappro v alfrom NCL T   and  Mo nito ringCo mm ittee  appo inted  inJune2 02 1   -   Im plem entatio n o f the   Reso lutio n P lan is in pro gress   -   T o  be com plete d within 90  days o f NCL T  appro v al ,as per re gulato ry re quirem ent     Ajay Pi ram al ,C hai rm an,Pi ram al Ent erpri sesLt d.   said,  ^ Despitetheimpac tofthesecondwaveofCovid - 19 ,we  have delivered resilient  perform ance during the quarter with Revenues at INR  2 ,909  Crores, Net Profit YoY  growthby8 %toINR53 4Crores.Wec ontinuetom aintainastrongbalanc esheet,withnetdebt - to - equityratio  at 0 .8x.   ]vv ]}Âµâ€Ëšâ€™}oÂµÄ±]}â€ºov quisitionreceivedNC LT - approvalinJune - 2 021 .Weareon  trac k with the Monitoring Comm ittee m andate for c ompletion of this transaction within 9 0  days from NC LT  approval. After succ essfully going through the rec ent c onsolidation phase, we are now transitio ning from  a  wholesale - led to a well - diversified Financ ial Servic es business. The transition augmented by the DHFL  acquisitionwillnotonlybringquantumgrowthinourloanbookbutalsoc reatealargeIndia - wideplatform that  will enable us to deliver sus tained growth and profitability in the years to c om e.   O ur Pharm a business c ontinues to deliver robust perform ance during the quarter, with 31 % YoY revenue  growth,indic atingthestrengthofourbusinessm odel.Inaddition,postthec apitalraisefromtheC arlyleG roup,  we have ac c elerated on our two - pronged strategic growth trajec tory though investments in both organic  and  inorganic  initiatives.   Whilewerem ainc autiouslyoptimisticforFY22 ,weseeastrongrunwayforgrowthacrossbothourbusinesses.  O ur   imm ediatefoc uswill beto effec tively integrate DHFL with our Financ ial Services organization. Pursuant to   whic h, we will be better positioned to announc e our plan to c reate two separate listed entities in Financ ial  ]Ëšâ€™Zâ€uX",https://www.piramal.com/wp-content/uploads/2021/08/Press-Release-Q1-2021-2022.pdf,https://www.piramal.com/wp-content/uploads/2020/05/logo.svg,Piramal
07-Jul-2021,"Piramal Capital & Housing Finance Limited Secured NCD Public Tranche I â€“ Issue Opens on July 12, Coupon Rate Upto 9.00% p.a","P ress No te   Pi ramal  Capital  & Ho using   Fi nance Limited   Sec ure d  NC D   Publi c   Tranche I  -   Iss ue O pens  on J uly 1 2,   C o upo n Rate  Upto  9. 00 % p. a . #      Secu red   N C Ds  o f a   fac e v alu e   o f Rs . 1,000 each . Min i mu m A p p licat ion  Siz e: Rs  10, 0 00 ( 10 N CDs )   acro s s   all  â€™ Ëšâ€]Ëšâ€™ ooËšÄ±]Ã€ Ëš oÃ‡ v Ë† oÄ±]â€º oËšâ€™ ( Ã¬Ã¬Ã¬   (1N CD)   th er eafter ;      Th e Tra n ch e I Is s u e in clud es a Bas e Iss u e Size fo r an  amou n t o f Rs .  2  â€}â€Ëšâ€™ ~^ B ase Issu e  Size _ Ã]Ä±Z  an  o p tio n  to  reta in  o v ers u b s crip tio n   u p  to  Rs .  8 00 crore s   ag gregat in g u p  to  Rs . 1,00 0  â€}â€ Ëšâ€™ ~^ Tr an c h e   I Issu e    wh ich is  with in  t h e S h elf L im it      To ta l Sh elf Size/ Sh elf L i mit: Rs  2000 cr o res        Rat ed  as   CARE  AA   (CWD)  (Un d er Cred it Wa tch  with  Dev elo p in g Implicat ion s )  b y  Care Ratin gs  Limited   an d   ICRA AA   with  o u tlo o k ( N e gat iv e )   by   ICRA L imit ed      Cou p o n  r at e u p to  9.00% p .a . #      Th e Tran ch eI  Is s u eo p en s o n J u ly 12 , 2021an d clos es o n   J u ly 23 , 2021 #   ( with an o p tio n o f early clos u re  o r ext en s ion )      Allotmen t wo u ld  b e o n  firs t c o me firs t s erv e b as is   # Fo r fu rth e r d e ta ils p lea se  re fe r   S h e lf P ro sp e c tu s a n d  Tra n c h e  I  P ro sp e c tu s e a c h  da te d J u ne  30,  2021   Mumbai ,7   Jul y,2 02 1 :   Who llyownedsubsidiary o fP iram alEnterprisesL td ,   P iramalCapital&Ho using  Finance L im ited   (P CHFL) , a no n - depo sit taking  ho using finance com pany , into   who lesale and retail  funding,   has  anno unced the issue  o f  s ecured ,   rate d, liste d, redeem able ,   no n - co nv ertible debentures  o fthe  facev alue   o f Rs . 1 ,00 0 e ach   ~ Ëš Âµâ€ ËšË† _ .   The  Tranche 1  Issue  o penso n July 12 , 20 21 and  c lo ses o n July 23 ,2 021   (w ith an o ptio n of e arly   clo sure o rex tension) .    TheTranche  I   Issue  has   abaseissue  size  o fRs .20 0 crores   with  ano ptio nto retaino versubscriptio nup  to   Rs80 0  cro res ,aggregating  upto   Rs .   1 ,00 0  cro res   ~^ T r anc he1Is s ue  .  TheNCDsare  pro po sedto be  o]â€™Ä±Ëš Ë†} vvË†~} ooËšÄ±]Ã€ ËšoÃ‡ U^} Ã†ZvPËšâ€™_    withBSEastheDesignate dSto ckExchangefo r  the Issue .  The NCD s have bee n rate d CARE AA(CWD ) (Under Credit Watch with Develo ping  Im plicatio ns)   by CARE Rat ings L td  and ICRA ( AA)   witho utlo ok (negative)   by ICRALtd   The term s o f e ach se rieso f NCDs,o ffered underTranche I Issue are set o ut below:   Series   I   II   III *   IV   V   Inte rest T y pe   Fixe d   Fixe d   Fixe d   Fixe d   Fixe d   Frequency o f Interes t P aym ent    Annual    Cum ulative    Annual   Annual   Annual   Ty peo f NCD s   Secured   M inim um  Applicatio n    $ 10 ,00 0 ( 10  NCD s) acro ss all Series   In M ultipleso f  Ä±ZËšâ€Ëš(Ä±Ëš$    $   1 ,00 0/ -   (1  NCD)   Face Value/  Issue P rice o f NCD s  ~$ l NCD )   $   1 ,00 0   Te no r  fro m Deem ed D ate  o f  Allo tm ent   26  m o nths   2 6 mo nths   36  m o nths   60  m o nths   1 20 m o nths   Co upo n (% per annum) for NCD  Ho lders in Cate go ry  I &  II   8 .10%   NA   8 .25%   8 .50%   8 .75%   Co upo n (% per annum) for NCD  Ho lders in Cate go ry  III& IV   8 .35%   NA   8 .50%   8 .75%   9 .00%   Effect iv e Yield (% per annum ) fo r  NCD   Ho lders in Cate gory   I &  II   8 .12%   8 .10%   8 .24%   8 .50%   8 .74%",https://www.piramal.com/wp-content/uploads/2021/07/Piramal-Capital-Housing-Finance-Limited-Secured-NCD-Public-Tranche-I.pdf,https://www.piramal.com/wp-content/uploads/2020/05/logo.svg,Piramal
08-Jun-2021,NITI Aayog & Piramal Foundation LaunchÂ Surakshit Hum Surakshit Tum AbhiyaanÂ in 112 Aspirational Districts,"1         NIT I Aayog & Pir amal Fo und at io n L aunc h  S u rakshi t  H u mS uraks hi t  Tu m A bhi yaan     i n 112 Aspir atio nal D istr icts   Camp aig n W il l Prov ide Covi d H o me - C are S up port to 20L akh  C it i ze ns       New  Del hi,  J une 08,   2021:   NIT I Aa yog a nd P ir a ma l F ounda t i on t oda y la unc hed  t he   Surakshi t  Hum     in112Aspir a t iona lDist r ict s  to  a ss ist t hedist r ict a dmi nist r a t ionsi n  pr ovi d i ng  home - ca r esuppor t t oC ovi d - 19pa t ient swhoa r ea symp t oma t ic or ha ve mi l dsympt oms.   T hisca mpa i gn  is under  t he  sp ec ia l i nit ia t i ve    t he   Aspi rat i onal  Di st rict s C oll aborati ve -    i n whic h l oca l l ea der s,  ci vil   soc i et i es a nd volu nt eer s  wi ll  wor k wit h  t he  Dist r ict   a dmi nist r a t ion s   t o a ddr ess  emer gi ng pr obl ems i n a   dist r ict   a cr oss  key f ocus a r ea s of t he Aspir a t iona l D ist r ict s Pr ogr a mme .    T he ca mpa i gn   wi ll b e l ed b y  t he d ist r ict   m a gist r a t es of  t he  Asp ir a t iona l Dist r ict s i n pa r t ner ship wit h  over   1000 loca l NGOs  t ha t   wi l l enl ist  a nd t r a in over  1 la kh volu nt eer s t o connect  wit h pa t ient s t hr ou gh  i nbou nd/ out bou nd   ca l ls.   P ir a ma l F ou nda t i on wil l sup por t  dist r ict s a dmi nist r a t ion i n t he t r a ini ng of  NGOs a nd volu nt eer s.   Whi l e   la unc hi ng t he ca mpa i gn,  NIT I Aa yog C EO Ami t a bh Ka nt  s   Surakshi t Hum Surakshi t T um  Abhiya a n   isa signif ica nt i nit ia t i vet ha t r espondst oi mm edia t eneed s   a ndwi llpr ovi del ong - t er msuppor t    t he  Aspir a t iona l D ist r ict s by a ddr ess i ng t he la st ing i mpa ct  of  C ovi d -     T he  ca mpa i gnis exp ect edt o   pla ya keyr ol e i n  d ist r ict pr epa r edness f or  ma na gi ngnea r l y70%ofC ovi d  ca ses a t home,  r edu c i ng   pr ess ur e on t he hea lt h syst em,  a nd st em mi ng   t he spr ea d of f ea r  a mongst  t he  peop l e.   T he ca mpa ign wi ll a ls o under t a ke ca pa cit y buil di ng  of c it iz ens  f or   cor r ect  usa ge of Ox ygen  conc ent r a t or s t ha t ha ve b een suppli ed t o t hes e dist r ict s.     NGOs wil l mob i li z e loca l volu nt eer s t o pr ovi de  h om e - ca r e suppor t  t o t hos e a ff ect ed ,   ba sed on  t he  gu idel i nes of t he  M inist r y of H ea lt h a nd F a mil y W el fa r e.   Vol u nt eer s wil l b e t r a ined t o suppor t  20  a ffect edfa mi li esea c hbyeduca t i ngca r et a ker st ofol l ow  C ovi d  pr ot oc ols, pr ovideps yc ho - s oc ia lsuppor t   a nd t i mel y up da t es a bout  pa t ient s t o t he a dmi nist r a t ion.         In l i ne wit h P ir a ma l F ou nda t i on  s va lu e of  se wa ,  we  a im t o r ea c h ever y a ff ect ed p er son i n t he 112  Asp ir a t iona l  D ist r ict s .   W e  ca lla l lst a kehol der s  G over nment , NGOs, commu nit i es ,   a ndot her s  t oj oi n  ha nds  a nd  off er   t heir   ser vic e i n t his i nit ia t i ve of t he As pir a t iona l Dist r ict s C olla bor a t ive    sa i d  P ir a ma l  Gr oup   C ha ir ma n Aja y P ir a ma l.           Abo ut Asp ir at io nal Dis tr icts Col l abo r at ive     Asp ir a t iona l Dist r ict s C ol la bor a t ive,  a n i nit ia t ive P ir a ma l F ounda t i on,  i n pa r t ner ship wit h N IT I Aa yog  wi ll br i ng t oget her  t he gover nment ,  commu nit i es,  NGOs a nd C S Os,  loca l yout h,  a nd key l oca l",https://www.piramal.com/wp-content/uploads/2021/06/Press-Release-Surakshit-Hum-Surakshit-Tum-Abhiyaan_June-082021.pdf,https://www.piramal.com/wp-content/uploads/2020/05/logo.svg,Piramal
28-May-2021,Piramal Foundation to invest INR 100 crores towards COVID ReliefÂ in Aspirational Districts in Partnership with Niti Aayog,"P RE SSRE LE ASE   Pir amal Founda tio n   toin vest   INR  100cr ores t owards COVIDR eli ef   in  As pirational Dist r ict s   in P artner shi p wit h Nit i Aayog      This initiative w illr each  over  1 .2 5  lakh  p eop l ei n   4  A sp i ratio nal  Di strict s o f Ma ha ra shtra a nd  2 0 l a kh p eo pl ea cro ss th eco un try       1 00 COVID   Car ecentr est o  besetupin  Tr ibalandRural  blocks  acrossIndia  thatcur r entlyhave  poor  accessto healthser vices         2 0 lakh patients to be pr ovided  Home Car e S upport  for asymptomatic, mild symptom s   to   r educe  press ur e on over burdened health system    Mumbai , May  2 8, 2 02 1 :     P iramal Fo undatio n,  the philanthro pic arm  o f P iram al Enterprises L im ited  (P EL ) ,   has launched significant initiatives to  address the dev astat ing im pact o f the seco nd wav e o f  Co v id   in  India's   Aspiratio nal D istricts .  To  address the current emergency  due to  the seco nd wave o f  Co v id - 1 9 ,t he  Fo undatio n ,  willsetup  10 0Cov idCareCentres  in   ruralandtribalblo cksacro ss  25   o fthe  wo rst affected   Aspiratio nal districts ,  and Home Care Suppo rt to  the  tribal and rural po pulatio n with  po o raccess to  health serv ices   in  1 12   Aspiratio nal districts   acro ss India   in partnership w ith Niti Aay o g .   P iramal   Fo undatio n will inv est INR 10 0  cro res to wards COVID  Relief in the Aspiratio nal D istricts, in  P artnershipwith Niti Aayo g.     Theinte rv entio nseeksto reach  2 m illio npeo plein114 3 blocksthro ughanet wo rko f10 00 +NGOsand  o ver 1 lac vo lunteers. In M ahara shtra alo ne, it aims to reach 1 .2 5 lakh  peo ple in 32  blo cks o f  4  Aspiratio nalD istrictso f  G ad ch i rol i, Nand u rb a r, O sman ab ad an d Wash i m .    In M aharashtra, the   4   Aspiratio nal D istricts ha ve   been amo ng the wo rst hit. These  districts acco unt  fo r  1 .6   lakhcases  andcloseto   306 3 fatalities.Thenum berisgrowingalarm inglyby theday,withalmo st  3 .3   per c ent o f t he deaths in M aharashtra happening in thes e   aspiratio nal districts.   Dr.  Sw ati  Pi ramal , Pub li c Heal th  Exp ert an d  Vi ce - Cha i rp erso n   Pi ra ma l  En terp rises Li mi ted   sa id ,  "" A s  the pandem ic spreads rapidly from  urban areas to the rural hinte rlands , c o ntaining the seco nd wave  o f COVID - 19  and  curtailingthe  sev erity o fa t hirdwave is the  to p   priority o fthe Go vernment.  W ith its  lim ited public   health infrastructure and  lack o f  skilled perso nnel ,   t he  rural health sy stem  is no t  adequate ly   equipped to   manage   a   surge in cases.  There is a nee d fo r urgent and inno v ativ e actio n to  address this   gap .  u Ã‡ Ä±ZËšo oo}â€Ä±]Ã€Ëš vË† } Ä±ZËšâ€ P iram al Foundatio n   initiativ e s   will help reduce the burden o n  the  sy stem  and  im prov e acce ss   to  healthcare fo r the rural   and tribal   com m unities. ""   1 00   30 - beddedtem po rary   Co v id  Care  Centres  areplanned  at  the  blo cklevelin  25  aspiratio naldistricts,  includi ng  4 districtsin  M aharashtra.   EachC entre   willcate rto thepo pulatio ninthecatc hm entareao f  the asso ciated P rim ary Health Centre.  These  will be  dedicate d space s   fo r  COVID  po sitiv e,  asym ptom atico rm ildlysym pto m aticcases  to   beiso late dandcaredfo rinawe ll - v entilated  ro om   with  esse ntialfacilities.    Ho me Care  S uppo rt   will be prov ided  to  20  lakh  rural and tribal comm unities  in  11 2  Aspiratio nal  D istrict s t hro ugh  1 ,0 00 +  NGOs and  1 lakh plus  vo luntee rsto suppo rtCOVID patients and fam ilies as a  v iable alternativ e fo r asymptom atic, m ild sym ptom patients seek ing  s uppo rt   from   ho spitals.  Thro ugh  lo cal NGOs the inte rv entio n will enlist and train Volunte ers to engage with p atients based o n in - bo und/ o ut - bo unds calls to  educate  caretakers to  fo llow COVID  pro to co l and prov ide timely  updates  abo ut patients.",https://www.piramal.com/wp-content/uploads/2021/05/Press-Release-Piramal-Foundation-Covid-19-Initiative.pdf,https://www.piramal.com/wp-content/uploads/2020/05/logo.svg,Piramal
13-May-2021,Piramal Enterprises Limited Announces Consolidated Results for Q4 & FY2021,"PRESS RELEA SE       Pi ram al En te rpri s esLi mi ted Ann oun c es Con soli date dR esul ts fo r   Q4   &F Y20 21      Deli ver ed  r esi lien t p erfo r man ce in  FY 2 021 d e sp ite th e u n p reced en t ed  glo b al b u sin es s  e n viron men t     Mumbai , I ndi a|  May  13 ,20 21 :   ]â€u]â€™ ]u ]Ä±ËšË† [UW Ã¬Ã¬ Ã¯Ã¬ Ã®Ã­Ã® Ã°Ã² Ã¬} Ë†Ã‡ anno unced itsco nso lidated re sults fo r t he Fo urth Quarter (Q4 ) and  Full Y ear  FY2 02 1 ended3 1 st   M arch   2 02 1 .     C ons ol i dated  Financi al   Hi ghl i g hts   Deliv er ed r es il i ent per formanc e i n FY 20 21 , w hi l e exec uti ng  on  i ts   ear li er s tated   tr ans for mati on  pl an ,   des pi te   the   unpr ec edented  g l obal   bus i ness  envir onment        B al anc e Sheet:   -   â€ËšZ} oË†]Ä±Ã‡â€ËšÃ® Ãµ Ä±}Ã± UÃ­Ã¯ Ãµâ€X Ã® y ears   -   4 5% reductio n in NetD ebtby  INR 24 ,9 68  Cr. inthe last 2 y ears   -   Raised >INR51 ,00 0 Cr.o f lo ng - te rm  funds  in t he last2  years   -   P EL  Net D ebt - to - Equity o f0. 9 x  tim es        P&L :   -   FY 20 21  per formanc e:      Revenue  at   INR 12 ,8 09  Cr. ,bro adly stabley earov ery ear        Significant  I ncrease  in  Net P ro fito f INR  1 , 41 3  Cr.v ersus INR 21  Cr. in FY2 0 20      No rm alized NetP ro fito f INR 2 ,6 27  Cr. ;  in linewith INR 2 ,615  Cr. in FY2 020     -   Q4 FY2 02 1 per for manc e:      Revenue  m arginally   grew to   INR3 ,40 2 Cr.v ersus INR3 ,34 1 Cr. in Q4  FY2 02 0      No rm alized NetP ro fito f INR  74 8 Cr. versus INR8 07  Cr. in Q 4  FY20 20        Pr opos ed  DHFL Ac quis i ti on:   -   The reso lutio n plan received appro v al s   from the RBI in Feb - 2 02 1 and Co m pet itio n  Com m issio no f India (CCI) in Apr - 2 0 21        Di vi dend:   -   The Bo ard has reco mm ended a dividendo f INR 33  per share fo r t he approv alo f the  Shareho lders inthe AGM .The to tal div idend payo uto n t his acco unt wo uld be INR 7 88  Cro res.     Aj ay Pir amal, C hai r man, Pi r amal  Enter pr is es  Ltd.   said,  ^ Z Ë†Ëšo]Ã€ Ëš â€™Ä± perfo rm ance with  rev enues o f INR 12 ,809  Cro res and net  pro fit o f INR 1 ,41 3  Cro res fo r FY2 1 , reflect ing stro ng resilience  during a phase o f pro lo nged m acro - eco no m ic challenges.     Ov er the last two y ears, we have significantly strengthened o ur balance sheet a nd co ntinue to transfo rm  o ur Financial Services business m o del from  largely who lesale - led to  a mo re dive rsified o ne acro ss  who lesale and retail financing. This transfo rm atio n will also be augm ented by our im pending ino rganic  initiative w ithD HFL, t hat isc urrently  undergo ing re gulato ry  proces s.     P ursuant to the c apital raise during t hey ear in o ur P harm a business,we  hav eaccele rated investm ents in  bo tho rganic and inorganicgro wt h initiatives.     In the last o ne y ear, we hav e also  m ade further pro gress  to wards creating two  separate  liste d entities. I  am  co nfident that these businesse s will em erge as two  stro ng com panies, each with a lo ng runway  fo r  Pâ€} ÃÄ± ZX_",https://www.piramal.com/wp-content/uploads/2021/05/Press-Release_PEL-Results-Q4-and-FY2021-Final-Version.pdf,https://www.piramal.com/wp-content/uploads/2020/05/logo.svg,Piramal
12-May-2021,Piramal Swasthya Supports Bihar Government; Helps Control the COVID Situation in Aspirational Districts,"P RE SSRE LE ASE   P i ramal Swa sth ya   S up port sB i ha rGo ve rnm e nt;  H el ps  C on trol   th e  C OVI D  S i t ua ti oni n  A spi r ati on al   D i st ri ct s        W o rk ing   clo sely withthe  Bihar  gov ernm ent acro ss 5 Aspiratio nal D istricts  -   Sitamarhi, Kat ihar, Araria,  Sheikhpura and Be gusarai      Engaging   with lo calso n over  3   lakh   pro activ ecalls since April 15 ,2 021       Patna   |  11   May,2 02 1 :  P iram alSwasthyaM anagementandResearchInstitute ,the  primary healthcareand  nutritio n initiativ e under the aegis o f P iram al Fo undatio n ,   in partnership with Go vernment o f Bihar is  co llectively wo rking to tackle the COVID - 1 9 pandemic  acro ss five   A spiratio nal  D istricts   o f the state  -   Sitam arhi, Katihar, Araria,   Sheikhpura and Begusarai . P iramal Swast hy a has co llabo rated with  the  district  adm inistratio ns   o fthese  D istricts ,  to   ancho rCOVIDcontro lro om s.Thete am isundertak ingsev eralcritical  initiative s  including  mo nito ring field activ ities o f ASHAs ,   co llating repo rts and running analysis towards  real - time planning to  co m bat the pandem ic.     Since April 1 5 , 20 21 , the te am  has pro actively co nducte d  m o re than 3   lakh  o utbo und calls to  the  beneficiaries from  4 0  co ntro l room s acro ss the five  A spiratio nal  D istricts.  The  ~ 3 00  calls  that  are   m ade  daily ,   address co ncerns relate d to  COVID sym pto m s, prec autio ns to  be take n under hom e quarantine,  ho me remedies and fearo f re infect io n.    ]â€uÃ‡ } ((]]o ZÃ€ ÂµvË†Ëšâ€Ä±lËš v Ä±Z â€Ëšâ€™â€º} vâ€™]]o]Ä±Ã‡ } Ä±â€l]vP â€º ÂµvË†Ëšâ€P} ]vP ho mequarantineandm igrantsreturningto theirfam ilies,thro ugho utbo u ndcallso nadailybasis.Further,  theyareensuringthatthebeneficiariesreceiv etherequiredmedicinesalo ngwithappro priateco unselling  to  the patients and family  mem bers. All this info rmatio n is co m piled and shared with district  adm inistratio no n a   regular basis.    Ã‡  Ä±â€ i â€ uoÂµvË†Ä±] }v â€™ ] Ë† ^ We at P iram al Swast hy a ,   hav e bee n wo rking in tandem  with the Bihar go vernm ent to prov ide essential suppo rt in the  A spiratio nal  D istricts o f the state. The   o ngo ing   seco nd wave  o f the COVID - 19 pan d e m ic  has thro wn m ultiple challenges o n - gro und  that   include  high rate o f infect io n ac ross age gro ups, lack o f o xy gen, inadequate  trained m edical hum an reso urces,  amo ng st   others.  T o reducethelo ado nthehealthsy stem ,we   have  prioritizedtherespo nsibility to m anage   and suppo rt   home quarantine ,   and  are   o ffer ing   co unsel ling   thro ugh a com binatio n o f remo te and o n - Pâ€} ÂµvË† ]Ã€]Ä±]Ëšâ€™X_   Uday an Mi s hr a, IAS , Di s tr ic t Mag is tr ate, Kati har   said,  ^ ]â€uÃâ€™Ä± ZÃ‡ Ëš((} â€ Ã€Ëšâ€Ã‡ â€ºâ€ºâ€Ëš]Ä±]Ã€ ËšX  â€ºvË†Ëšu ] â€™Ëš} vË† ÃÃ€ Z â€º} â€™ P Ë†]((]ÂµoÄ± ]v o]Ã€ Ëš } ]vË†]Ã€]Ë†Âµoâ€™X â€ ising infect io ns  and rev erse m igratio n have resulted in high stress o n the ex isting healthcare infrastructure. P iram al  Ä±ËšuÃ} â€l]vP   alo ng  withthedistrictadm inistratio nisasignificantpro gressintheco llabo rativ e  effo rts re quired during t hi â€™Ë†Ëšu ]X_   ***",https://www.piramal.com/wp-content/uploads/2021/05/Press-Release-Piramal-Swasthya-support-in-Bihar.pdf,https://www.piramal.com/wp-content/uploads/2020/05/logo.svg,Piramal
